{"last_trained_date": "2024-08-16 13:49:40.508490", "mean_squared_error": 0.0002971444499177709, "mean_absolute_error": 0.012309379091725928, "r2_score": 0.9923479701054438, "predictions_within_5_percent": 6.78542211041481}