{"last_trained_date": "2024-08-15 20:01:15.952548", "mean_squared_error": 0.00011821819612759088, "mean_absolute_error": 0.0070729763001982655, "r2_score": 0.997154780997375, "predictions_within_5_percent": 4.413737337436266}