{"last_trained_date": "2024-08-15 22:20:47.177861", "mean_squared_error": 0.0007400985256290688, "mean_absolute_error": 0.009438332120466733, "r2_score": 0.9772954976724461, "predictions_within_5_percent": 11.904712786412434}