{"last_trained_date": "2024-08-16 16:05:10.490111", "mean_squared_error": 0.0008665552141024048, "mean_absolute_error": 0.014372566500747672, "r2_score": 0.9732827295724453, "predictions_within_5_percent": 11.58227848101266}