{"last_trained_date": "2024-08-14 23:20:34.696036", "mean_squared_error": 0.00030133620682742067, "mean_absolute_error": 0.007072103163460016, "r2_score": 0.9958100989552334, "predictions_within_5_percent": 5.735701451473429}