{"last_trained_date": "2024-08-16 03:45:43.310534", "mean_squared_error": 0.000299002180113454, "mean_absolute_error": 0.006847033884005802, "r2_score": 0.9958897905596913, "predictions_within_5_percent": 5.831328}