{"last_trained_date": "2024-08-16 15:17:25.761868", "mean_squared_error": 0.00041957882544881026, "mean_absolute_error": 0.013594352845028352, "r2_score": 0.9907169273866822, "predictions_within_5_percent": 6.132592805387979}