{"last_trained_date": "2024-08-15 21:32:47.171371", "mean_squared_error": 0.0003630176335806344, "mean_absolute_error": 0.01288146495868971, "r2_score": 0.992277608064026, "predictions_within_5_percent": 9.89894347090555}