{"last_trained_date": "2024-08-16 16:09:17.937684", "mean_squared_error": 0.0005409704134573558, "mean_absolute_error": 0.01700690603172364, "r2_score": 0.9885510320310208, "predictions_within_5_percent": 6.953653299365012}