{"last_trained_date": "2024-08-15 22:24:53.416307", "mean_squared_error": 0.0004747446653553995, "mean_absolute_error": 0.01398298945655629, "r2_score": 0.9899526178661779, "predictions_within_5_percent": 7.007125036560163}