{"last_trained_date": "2024-08-15 00:51:46.015087", "mean_squared_error": 0.00023413791305551204, "mean_absolute_error": 0.008915975597083814, "r2_score": 0.9923733745211861, "predictions_within_5_percent": 7.991822110628259}