{"last_trained_date": "2024-08-16 04:50:49.513928", "mean_squared_error": 0.00015950478584660443, "mean_absolute_error": 0.00789034364290101, "r2_score": 0.995287233707799, "predictions_within_5_percent": 5.835671452385481}