{"last_trained_date": "2024-08-16 15:48:29.352677", "mean_squared_error": 0.0028952132067657766, "mean_absolute_error": 0.01595689297361416, "r2_score": 0.9052919844016636, "predictions_within_5_percent": 0.038409649967296546}