{"last_trained_date": "2024-08-15 22:03:58.111532", "mean_squared_error": 0.0017457122336998665, "mean_absolute_error": 0.021429765547488405, "r2_score": 0.9847660289475842, "predictions_within_5_percent": 12.604080910994591}