{"last_trained_date": "2024-08-15 16:56:30.394380", "mean_squared_error": 0.0003617720491036805, "mean_absolute_error": 0.012846963942370115, "r2_score": 0.9900069885680686, "predictions_within_5_percent": 10.799150777119051}