{"last_trained_date": "2024-08-16 08:33:54.949931", "mean_squared_error": 0.00035486848812280275, "mean_absolute_error": 0.013118323152281687, "r2_score": 0.994182770989002, "predictions_within_5_percent": 8.084911800243416}