{"last_trained_date": "2024-08-16 07:05:24.650765", "mean_squared_error": 0.0005245463354523221, "mean_absolute_error": 0.014010625766576662, "r2_score": 0.9860279806081119, "predictions_within_5_percent": 6.825644784333232}