{"last_trained_date": "2024-08-15 16:00:12.001908", "mean_squared_error": 0.0002393225487822273, "mean_absolute_error": 0.00926488584879352, "r2_score": 0.9929736637736721, "predictions_within_5_percent": 3.8446009228344797}