{"last_trained_date": "2024-08-16 03:38:17.352672", "mean_squared_error": 0.00016628279201751295, "mean_absolute_error": 0.009383303775376934, "r2_score": 0.9955743874970457, "predictions_within_5_percent": 6.190352514256947}