{"last_trained_date": "2024-08-14 23:08:46.822267", "mean_squared_error": 0.0001805091514492281, "mean_absolute_error": 0.00969832481401225, "r2_score": 0.9951696666182871, "predictions_within_5_percent": 6.342107872298235}