{"last_trained_date": "2024-08-16 14:36:09.818292", "mean_squared_error": 0.00022329853425955912, "mean_absolute_error": 0.011391643919231765, "r2_score": 0.9951432824789236, "predictions_within_5_percent": 8.310404982730816}