{"last_trained_date": "2024-08-15 20:47:50.716237", "mean_squared_error": 0.00014901220294338526, "mean_absolute_error": 0.00789058930180921, "r2_score": 0.9963631350460043, "predictions_within_5_percent": 9.199286457475935}