{"last_trained_date": "2024-08-16 13:33:32.114661", "mean_squared_error": 0.0002145546630763405, "mean_absolute_error": 0.009564852497759955, "r2_score": 0.9962754368433587, "predictions_within_5_percent": 6.1332206232232815}