{"last_trained_date": "2024-08-15 19:44:34.411735", "mean_squared_error": 0.0002279891542461682, "mean_absolute_error": 0.010311846340459842, "r2_score": 0.9960542653362089, "predictions_within_5_percent": 6.06450381419193}