{"last_trained_date": "2024-08-16 15:21:31.498375", "mean_squared_error": 0.00029212250681043386, "mean_absolute_error": 0.012915999756284754, "r2_score": 0.9934327311395347, "predictions_within_5_percent": 5.213379953030904}