{"last_trained_date": "2024-08-15 21:36:55.845315", "mean_squared_error": 0.0002482110402017987, "mean_absolute_error": 0.011620049344598158, "r2_score": 0.9925460978274385, "predictions_within_5_percent": 6.110404827684314}