{"last_trained_date": "2024-08-15 15:22:39.402151", "mean_squared_error": 0.00034178483256755074, "mean_absolute_error": 0.012202510394641696, "r2_score": 0.9946109692050894, "predictions_within_5_percent": 5.068588767825669}