{"last_trained_date": "2024-08-16 06:30:54.795189", "mean_squared_error": 0.0002670942270711146, "mean_absolute_error": 0.01164738852746298, "r2_score": 0.9942287588245032, "predictions_within_5_percent": 4.866031266660334}