{"last_trained_date": "2024-08-16 09:49:21.489672", "mean_squared_error": 0.0003760467689308937, "mean_absolute_error": 0.013306544754317685, "r2_score": 0.9813583353123844, "predictions_within_5_percent": 11.027336359218785}