{"last_trained_date": "2024-08-15 15:09:33.036212", "mean_squared_error": 0.00021523929802427086, "mean_absolute_error": 0.008668263792287946, "r2_score": 0.9963728866829357, "predictions_within_5_percent": 2.851343176474913}