{"last_trained_date": "2024-08-14 12:36:14.939833", "mean_squared_error": 0.00023878882454247014, "mean_absolute_error": 0.007594431392021719, "r2_score": 0.9887275127800768, "predictions_within_5_percent": 3.494542140682583, "predictions_within_10_percent": 6.6195321262618165, "predictions_within_15_percent": 9.632030123377664, "predictions_within_30_percent": 18.19290778721359, "predictions_within_50_percent": 29.614274555359714}