{"last_trained_date": "2024-08-22 14:15:58.529883", "mean_squared_error": 0.00047852458705350577, "mean_absolute_error": 0.012337633820475542, "r2_score": 0.9774137673143393, "predictions_within_5_percent": 2.3765251734589636}