{"last_trained_date": "2024-08-14 13:32:44.867206", "mean_squared_error": 0.00023425849449414652, "mean_absolute_error": 0.006395380097754807, "r2_score": 0.9889413757515522, "predictions_within_5_percent": 3.6952812049351067, "predictions_within_10_percent": 6.461324307002083, "predictions_within_15_percent": 9.422067777599743, "predictions_within_30_percent": 17.851035491107194, "predictions_within_50_percent": 29.51212746354751}