{"last_trained_date": "2024-08-16 06:04:04.611615", "mean_squared_error": 0.0002668886364523616, "mean_absolute_error": 0.011750726338247437, "r2_score": 0.9943001106691285, "predictions_within_5_percent": 6.909271657601877}