{"last_trained_date": "2024-08-16 10:26:33.493134", "mean_squared_error": 0.00023107221906579448, "mean_absolute_error": 0.011588454746866358, "r2_score": 0.9944343702580403, "predictions_within_5_percent": 10.841666919724268}