{"last_trained_date": "2024-08-15 18:31:53.099723", "mean_squared_error": 0.00025485565819947654, "mean_absolute_error": 0.01129221002179133, "r2_score": 0.9941938618185199, "predictions_within_5_percent": 10.376993228178577}