{"last_trained_date": "2024-08-16 14:48:28.066542", "mean_squared_error": 8.260736764620698e-05, "mean_absolute_error": 0.004813053239335047, "r2_score": 0.9987362863279917, "predictions_within_5_percent": 3.2145773964688074}