{"last_trained_date": "2024-08-16 11:15:04.750555", "mean_squared_error": 0.00027129640650127, "mean_absolute_error": 0.01125584632926509, "r2_score": 0.9938428537459253, "predictions_within_5_percent": 7.987581391053909}