{"last_trained_date": "2024-08-15 19:29:04.042538", "mean_squared_error": 0.00040646984343237945, "mean_absolute_error": 0.014293710032848454, "r2_score": 0.9897069713340204, "predictions_within_5_percent": 10.866083171736683}