{"last_trained_date": "2024-08-15 10:42:12.873991", "mean_squared_error": 0.00028170294149964994, "mean_absolute_error": 0.010522563262838737, "r2_score": 0.9923970467913418, "predictions_within_5_percent": 9.026924263322684}