{"last_trained_date": "2024-08-16 05:40:45.427121", "mean_squared_error": 0.00033862519999678574, "mean_absolute_error": 0.013306099579904007, "r2_score": 0.9889359107611982, "predictions_within_5_percent": 9.841716465738932}