{"last_trained_date": "2024-08-15 21:45:12.266555", "mean_squared_error": 0.0010761281468970644, "mean_absolute_error": 0.017617648112196682, "r2_score": 0.9670640234912518, "predictions_within_5_percent": 7.880313783100313}