{"last_trained_date": "2024-08-16 15:29:48.126091", "mean_squared_error": 0.0011436453367764797, "mean_absolute_error": 0.017939662502765293, "r2_score": 0.9741961165578319, "predictions_within_5_percent": 7.287199632255424}