{"last_trained_date": "2024-08-16 04:44:41.063278", "mean_squared_error": 0.0002582421911779866, "mean_absolute_error": 0.012412119883704251, "r2_score": 0.99627543936783, "predictions_within_5_percent": 6.045562754822345}