{"last_trained_date": "2024-08-15 00:42:57.860996", "mean_squared_error": 0.00011819151722280135, "mean_absolute_error": 0.007220098190377975, "r2_score": 0.9981475135249746, "predictions_within_5_percent": 6.3180358681180975}