{"last_trained_date": "2024-08-16 08:13:59.671246", "mean_squared_error": 0.0001256559433681476, "mean_absolute_error": 0.007092159132514165, "r2_score": 0.9964900133910902, "predictions_within_5_percent": 6.206397509273895}