{"last_trained_date": "2024-08-15 16:37:07.061113", "mean_squared_error": 0.0001700137772005233, "mean_absolute_error": 0.009544676483819419, "r2_score": 0.9951830807554567, "predictions_within_5_percent": 5.709219234721847}