{"last_trained_date": "2024-08-14 12:14:21.268493", "mean_squared_error": 0.0008616759130330225, "mean_absolute_error": 0.020650164758822278, "r2_score": 0.9830068633781114, "predictions_within_5_percent": 7.333168617057119, "predictions_within_10_percent": 14.12139589556988, "predictions_within_15_percent": 20.533511027255553, "predictions_within_30_percent": 38.61492579032617, "predictions_within_50_percent": 57.35919878010127}