{"last_trained_date": "2024-08-14 12:13:40.589882", "mean_squared_error": 0.0007421333305644962, "mean_absolute_error": 0.016449056101877607, "r2_score": 0.9847647107811023, "predictions_within_5_percent": 5.203177526710242, "predictions_within_10_percent": 10.2567028293764, "predictions_within_15_percent": 15.11760991691811, "predictions_within_30_percent": 28.84564337927919, "predictions_within_50_percent": 47.006511284312765}