{"last_trained_date": "2024-08-22 13:58:29.471374", "mean_squared_error": 0.0007656005638646574, "mean_absolute_error": 0.017068037379029878, "r2_score": 0.9841445573235222, "predictions_within_5_percent": 5.234034375787706}