{"last_trained_date": "2024-08-16 16:14:11.635279", "mean_squared_error": 0.0008881655725627049, "mean_absolute_error": 0.02071782353778386, "r2_score": 0.9342520330753257, "predictions_within_5_percent": 10.527016236358797}