{"last_trained_date": "2024-08-14 12:55:21.093035", "mean_squared_error": 0.0004243134363270413, "mean_absolute_error": 0.013684179892029878, "r2_score": 0.9893035788559662, "predictions_within_5_percent": 6.458962314661944, "predictions_within_10_percent": 12.71431648076256, "predictions_within_15_percent": 18.823549860072465, "predictions_within_30_percent": 36.47342855224947, "predictions_within_50_percent": 58.29178527076897}