{"last_trained_date": "2024-08-22 14:32:54.257632", "mean_squared_error": 0.00028878543608689924, "mean_absolute_error": 0.011915828066596983, "r2_score": 0.9932142679205309, "predictions_within_5_percent": 6.004956998854049}