{"last_trained_date": "2024-08-14 17:26:17.409292", "mean_squared_error": 0.0002635798019425334, "mean_absolute_error": 0.011348036085687569, "r2_score": 0.9937537067946484, "predictions_within_5_percent": 6.154563987079678}