{"last_trained_date": "2024-08-15 08:45:02.798557", "mean_squared_error": 0.00017793147979550607, "mean_absolute_error": 0.009406337140981118, "r2_score": 0.9959154704548422, "predictions_within_5_percent": 6.13800203298486}