{"last_trained_date": "2024-08-15 22:29:01.267359", "mean_squared_error": 0.00021462306060894762, "mean_absolute_error": 0.010654097414878673, "r2_score": 0.9968665008911624, "predictions_within_5_percent": 3.711546860532732}