{"last_trained_date": "2024-08-16 04:21:57.381827", "mean_squared_error": 0.0015102856504669627, "mean_absolute_error": 0.028452870708920094, "r2_score": 0.9660901233525607, "predictions_within_5_percent": 8.831633973396823}