{"last_trained_date": "2024-08-15 16:47:53.036011", "mean_squared_error": 0.0003973082957565928, "mean_absolute_error": 0.012157864842240134, "r2_score": 0.9894871566974563, "predictions_within_5_percent": 11.287908428720083}