{"last_trained_date": "2024-08-16 08:25:47.693583", "mean_squared_error": 0.0004843594892348488, "mean_absolute_error": 0.013747420883376351, "r2_score": 0.9888998300962163, "predictions_within_5_percent": 11.922093481005371}