{"last_trained_date": "2024-08-16 06:08:10.078966", "mean_squared_error": 0.00021410152523845236, "mean_absolute_error": 0.011014981065150226, "r2_score": 0.9953941144507222, "predictions_within_5_percent": 6.408747029236943}