{"last_trained_date": "2024-08-15 14:48:58.927498", "mean_squared_error": 0.00033891776973227797, "mean_absolute_error": 0.013845753723662757, "r2_score": 0.9919434131595517, "predictions_within_5_percent": 6.216256766627083}