{"last_trained_date": "2024-08-15 21:52:38.613983", "mean_squared_error": 0.0007002146715614078, "mean_absolute_error": 0.01719321187923294, "r2_score": 0.9895249638878387, "predictions_within_5_percent": 6.679066382694438}