{"last_trained_date": "2024-08-16 15:37:13.519107", "mean_squared_error": 0.0008570295379421887, "mean_absolute_error": 0.02292839621262056, "r2_score": 0.9883076047198553, "predictions_within_5_percent": 5.333944685692471}