{"last_trained_date": "2024-08-16 04:56:00.577779", "mean_squared_error": 0.00036005758883989996, "mean_absolute_error": 0.012714024045774076, "r2_score": 0.98667672083098, "predictions_within_5_percent": 11.955606072744752}