{"last_trained_date": "2024-08-15 00:59:11.343425", "mean_squared_error": 0.0003341404567683499, "mean_absolute_error": 0.010332783185463679, "r2_score": 0.9864701670939248, "predictions_within_5_percent": 13.115846819419966}