{"last_trained_date": "2024-08-16 06:22:45.833034", "mean_squared_error": 0.0002126974661305279, "mean_absolute_error": 0.010477860424567765, "r2_score": 0.9962691703072748, "predictions_within_5_percent": 6.56873042819275}