{"last_trained_date": "2024-08-15 15:13:48.991069", "mean_squared_error": 0.00013947669366630206, "mean_absolute_error": 0.008177453362912467, "r2_score": 0.997625120332574, "predictions_within_5_percent": 6.429151192318634}