{"last_trained_date": "2024-08-16 07:27:08.410673", "mean_squared_error": 0.0005206143374404128, "mean_absolute_error": 0.01714800305203841, "r2_score": 0.9831888242779979, "predictions_within_5_percent": 8.3068894151456}