{"last_trained_date": "2024-08-15 16:16:34.764998", "mean_squared_error": 0.00041437956532161394, "mean_absolute_error": 0.013244620891219664, "r2_score": 0.991197856102566, "predictions_within_5_percent": 8.830933088862428}