{"last_trained_date": "2024-08-15 21:05:07.430321", "mean_squared_error": 0.0005137898143930944, "mean_absolute_error": 0.017227317500082568, "r2_score": 0.988652066372429, "predictions_within_5_percent": 6.4371235900396755}