{"last_trained_date": "2024-08-16 14:52:12.092631", "mean_squared_error": 0.0005209195439383747, "mean_absolute_error": 0.01573678733615515, "r2_score": 0.9918175842729102, "predictions_within_5_percent": 5.091247385073306}