{"last_trained_date": "2024-08-15 15:46:46.303226", "mean_squared_error": 0.0001456635459541799, "mean_absolute_error": 0.007075416851110144, "r2_score": 0.997700478562687, "predictions_within_5_percent": 3.5726772109109914}