{"last_trained_date": "2024-08-16 06:53:13.375068", "mean_squared_error": 0.00021019417785140038, "mean_absolute_error": 0.009518312866582656, "r2_score": 0.996648691845302, "predictions_within_5_percent": 3.209093371862019}