{"last_trained_date": "2024-08-16 14:32:04.752679", "mean_squared_error": 0.0004515840231424402, "mean_absolute_error": 0.008931224188443264, "r2_score": 0.9831237852981216, "predictions_within_5_percent": 5.587751585872034}