{"last_trained_date": "2024-08-15 20:43:29.770744", "mean_squared_error": 0.0003768928069383713, "mean_absolute_error": 0.006354475864257043, "r2_score": 0.9838482974336988, "predictions_within_5_percent": 5.066449596519632}