{"last_trained_date": "2024-08-15 08:25:54.068235", "mean_squared_error": 0.00029722290622371665, "mean_absolute_error": 0.013625993348193149, "r2_score": 0.9905058296473805, "predictions_within_5_percent": 8.160827961852766}