{"last_trained_date": "2024-08-16 05:16:39.108743", "mean_squared_error": 0.0001121403580645277, "mean_absolute_error": 0.007013594401651916, "r2_score": 0.998074615992395, "predictions_within_5_percent": 4.220909483414817}