{"last_trained_date": "2024-08-15 09:52:40.138723", "mean_squared_error": 0.0008040673684667004, "mean_absolute_error": 0.018567924900255862, "r2_score": 0.9689641682593578, "predictions_within_5_percent": 6.531787558565029}