{"last_trained_date": "2024-08-16 05:36:40.195111", "mean_squared_error": 0.0007650361572146294, "mean_absolute_error": 0.01897179434553979, "r2_score": 0.9709263370330908, "predictions_within_5_percent": 5.252633923962596}