{"last_trained_date": "2024-08-14 13:20:52.818089", "mean_squared_error": 0.00014081281604136283, "mean_absolute_error": 0.007994055047947228, "r2_score": 0.9975764012399846, "predictions_within_5_percent": 5.980074111248384, "predictions_within_10_percent": 11.33705714253749, "predictions_within_15_percent": 16.195443444822523, "predictions_within_30_percent": 27.41247137119395, "predictions_within_50_percent": 39.47825449390344}