{"last_trained_date": "2024-08-22 14:44:02.926559", "mean_squared_error": 0.0002850733867483719, "mean_absolute_error": 0.01157388087325865, "r2_score": 0.9953366493321955, "predictions_within_5_percent": 5.306855297814429}