{"last_trained_date": "2024-08-14 18:01:35.488803", "mean_squared_error": 9.878896254374752e-05, "mean_absolute_error": 0.006418357681032923, "r2_score": 0.998360525876532, "predictions_within_5_percent": 5.407707761622936}