{"last_trained_date": "2024-08-15 00:45:14.205121", "mean_squared_error": 0.0007333934932019116, "mean_absolute_error": 0.017922800080477606, "r2_score": 0.9819757034033959, "predictions_within_5_percent": 6.493656649744059}