{"last_trained_date": "2024-08-16 04:46:18.909992", "mean_squared_error": 0.000828383434115876, "mean_absolute_error": 0.018676087430743706, "r2_score": 0.9790785350791611, "predictions_within_5_percent": 6.441020965576172}