{"last_trained_date": "2024-08-15 16:45:26.018264", "mean_squared_error": 0.001307192378639916, "mean_absolute_error": 0.014742663723011331, "r2_score": 0.9031015202061008, "predictions_within_5_percent": 17.43228354187348}