{"last_trained_date": "2024-08-16 08:23:27.610848", "mean_squared_error": 0.0014183657985793203, "mean_absolute_error": 0.011577496257659277, "r2_score": 0.9009028544586226, "predictions_within_5_percent": 18.278333927352755}