{"last_trained_date": "2024-08-16 04:07:25.155884", "mean_squared_error": 0.00039608792620931, "mean_absolute_error": 0.006280518117314341, "r2_score": 0.9917301231556648, "predictions_within_5_percent": 3.6409095764567643}