{"last_trained_date": "2024-08-14 23:50:47.442989", "mean_squared_error": 0.0005926626147223336, "mean_absolute_error": 0.009369818187331852, "r2_score": 0.9866064135400874, "predictions_within_5_percent": 4.4087378033245574}