{"last_trained_date": "2024-08-16 04:04:30.373646", "mean_squared_error": 0.0002934258189331394, "mean_absolute_error": 0.012216592142555995, "r2_score": 0.9921051278632645, "predictions_within_5_percent": 6.674247739662863}