{"last_trained_date": "2024-08-14 23:46:49.776940", "mean_squared_error": 0.00014476072198014116, "mean_absolute_error": 0.00804296088567122, "r2_score": 0.9957115691195991, "predictions_within_5_percent": 8.713196101527776}