{"last_trained_date": "2024-08-16 09:59:11.166240", "mean_squared_error": 0.0001369901975788572, "mean_absolute_error": 0.008685075808252394, "r2_score": 0.9977198166250867, "predictions_within_5_percent": 5.648845018467878}