{"last_trained_date": "2024-08-14 13:59:48.355640", "mean_squared_error": 0.0001378949507384816, "mean_absolute_error": 0.007457462530129183, "r2_score": 0.9976783336945797, "predictions_within_5_percent": 7.339809325428617, "predictions_within_10_percent": 13.375660951770548, "predictions_within_15_percent": 18.996024274955936, "predictions_within_30_percent": 33.70337285691395, "predictions_within_50_percent": 51.45843013940073}