{"last_trained_date": "2024-08-14 20:33:29.037132", "mean_squared_error": 0.0001908212571186528, "mean_absolute_error": 0.0068863023012730165, "r2_score": 0.9955361447873927, "predictions_within_5_percent": 8.35781525396571}