{"last_trained_date": "2024-08-15 19:37:20.940853", "mean_squared_error": 0.00015781521078280224, "mean_absolute_error": 0.008112617206421778, "r2_score": 0.9956982439661501, "predictions_within_5_percent": 6.301433957559843}