{"last_trained_date": "2024-08-16 13:26:14.079810", "mean_squared_error": 0.00032086854794526374, "mean_absolute_error": 0.013534494249038177, "r2_score": 0.9930143227730095, "predictions_within_5_percent": 10.156433550003916}