{"last_trained_date": "2024-08-16 06:49:07.756130", "mean_squared_error": 0.00017923852972560604, "mean_absolute_error": 0.008953286758229081, "r2_score": 0.9971470565126791, "predictions_within_5_percent": 5.809589870876692}