{"last_trained_date": "2024-08-15 15:42:21.839382", "mean_squared_error": 0.00019366706262578394, "mean_absolute_error": 0.010158201992022088, "r2_score": 0.9969062600590548, "predictions_within_5_percent": 5.815881268750793}