{"last_trained_date": "2024-08-16 07:24:07.453909", "mean_squared_error": 0.00022213028014320317, "mean_absolute_error": 0.010670058936761003, "r2_score": 0.9951315826088551, "predictions_within_5_percent": 4.728717589314683}