{"last_trained_date": "2024-08-15 16:13:45.851674", "mean_squared_error": 0.0002203227558570962, "mean_absolute_error": 0.011092445113382695, "r2_score": 0.9930970483508378, "predictions_within_5_percent": 8.1184940888408}