{"last_trained_date": "2024-08-16 05:57:01.109091", "mean_squared_error": 0.0002529554350655055, "mean_absolute_error": 0.012520665047792761, "r2_score": 0.9977132612928985, "predictions_within_5_percent": 2.652389955904047}