{"last_trained_date": "2024-08-15 13:36:25.880970", "mean_squared_error": 0.00011836540124720926, "mean_absolute_error": 0.00796085010024976, "r2_score": 0.9989456204957361, "predictions_within_5_percent": 2.7593992304915886}