{"last_trained_date": "2024-08-16 15:57:02.106348", "mean_squared_error": 0.0005018322907638197, "mean_absolute_error": 0.016563698076452627, "r2_score": 0.9867847438071924, "predictions_within_5_percent": 6.770782555327715}