{"last_trained_date": "2024-08-15 22:12:29.479450", "mean_squared_error": 0.000284216067403719, "mean_absolute_error": 0.010989936993299544, "r2_score": 0.9900104659236082, "predictions_within_5_percent": 6.978036731177709}