{"last_trained_date": "2024-08-16 13:30:45.709043", "mean_squared_error": 0.00029307054274161726, "mean_absolute_error": 0.008190641308135745, "r2_score": 0.9935337435691599, "predictions_within_5_percent": 6.905385891532586}