{"last_trained_date": "2024-08-15 19:42:02.524541", "mean_squared_error": 0.0001229007423456117, "mean_absolute_error": 0.005592061584903234, "r2_score": 0.9983781117379976, "predictions_within_5_percent": 17.7435266533585}