{"last_trained_date": "2024-08-22 13:11:38.451348", "mean_squared_error": 0.00014070611189828094, "mean_absolute_error": 0.006095052722994196, "r2_score": 0.9917522730957914, "predictions_within_5_percent": 3.838775068865896}