{"last_trained_date": "2024-08-14 11:54:00.094463", "mean_squared_error": 0.00015743232587194785, "mean_absolute_error": 0.0066229376736009204, "r2_score": 0.9908189871746715, "predictions_within_5_percent": 3.8054878588685703, "predictions_within_10_percent": 7.5981420421724595, "predictions_within_15_percent": 11.159394777563678, "predictions_within_30_percent": 21.823704826516114, "predictions_within_50_percent": 36.17565428028115}