{"last_trained_date": "2024-08-14 13:40:25.403109", "mean_squared_error": 0.0009350647157842862, "mean_absolute_error": 0.004735688946385321, "r2_score": 0.8816254325193229, "predictions_within_5_percent": 5.241858275917321, "predictions_within_10_percent": 10.376812610158629, "predictions_within_15_percent": 14.49596418843134, "predictions_within_30_percent": 28.76462105431822, "predictions_within_50_percent": 45.583179778881586}