{"last_trained_date": "2024-08-22 14:55:40.240604", "mean_squared_error": 0.001000030246954009, "mean_absolute_error": 0.013542779572762415, "r2_score": 0.9836016539874111, "predictions_within_5_percent": 4.49682762316198}