{"last_trained_date": "2024-08-14 20:14:10.949066", "mean_squared_error": 0.0010182753848416914, "mean_absolute_error": 0.014189221975521716, "r2_score": 0.9832240082390542, "predictions_within_5_percent": 4.509113122896972}