{"last_trained_date": "2024-08-14 23:15:19.919410", "mean_squared_error": 0.0001608968156713371, "mean_absolute_error": 0.009245902851454234, "r2_score": 0.9968279671878328, "predictions_within_5_percent": 5.990692541406883}