{"last_trained_date": "2024-08-16 03:42:30.154587", "mean_squared_error": 0.00012822175488236439, "mean_absolute_error": 0.008032939970580506, "r2_score": 0.997559155872771, "predictions_within_5_percent": 5.624711434553981}