{"last_trained_date": "2024-08-16 04:16:27.425002", "mean_squared_error": 0.00022519148261515364, "mean_absolute_error": 0.00964717703846847, "r2_score": 0.9925605532254806, "predictions_within_5_percent": 6.797883026654157}