{"last_trained_date": "2024-08-15 00:03:43.224257", "mean_squared_error": 0.0004081349540625096, "mean_absolute_error": 0.014918083119343289, "r2_score": 0.9912346181716162, "predictions_within_5_percent": 6.530224667202616}