{"last_trained_date": "2024-08-16 11:20:06.148800", "mean_squared_error": 0.0002596874701308443, "mean_absolute_error": 0.010018406442047656, "r2_score": 0.994355848589235, "predictions_within_5_percent": 5.081206580355148}