{"last_trained_date": "2024-08-15 19:32:51.250878", "mean_squared_error": 0.0003529746761987453, "mean_absolute_error": 0.013049736269165425, "r2_score": 0.9915905185792585, "predictions_within_5_percent": 5.265285876742127}