{"last_trained_date": "2024-08-16 03:20:24.495100", "mean_squared_error": 0.001085666341165432, "mean_absolute_error": 0.009199035421050952, "r2_score": 0.9509130107990553, "predictions_within_5_percent": 9.535988835573622}