{"last_trained_date": "2024-08-15 15:37:46.800049", "mean_squared_error": 0.0009910273967718441, "mean_absolute_error": 0.009343424410590724, "r2_score": 0.957861980103504, "predictions_within_5_percent": 10.133685554219667}