{"last_trained_date": "2024-08-16 06:45:02.000008", "mean_squared_error": 0.0015528163041500479, "mean_absolute_error": 0.007406393327921026, "r2_score": 0.939871977175012, "predictions_within_5_percent": 3.873755507101707}