{"last_trained_date": "2024-08-14 12:04:31.544219", "mean_squared_error": 0.0003428754143292295, "mean_absolute_error": 0.013296597711339576, "r2_score": 0.9891831326187639, "predictions_within_5_percent": 12.10769745285537, "predictions_within_10_percent": 23.76046060212792, "predictions_within_15_percent": 34.7786551773188, "predictions_within_30_percent": 61.900043712371, "predictions_within_50_percent": 80.18775741951569}