{"last_trained_date": "2024-08-22 13:18:11.719513", "mean_squared_error": 0.00033746594357781707, "mean_absolute_error": 0.013487311230388476, "r2_score": 0.9927253074385084, "predictions_within_5_percent": 6.343241772833992}