{"last_trained_date": "2024-08-14 12:03:52.018876", "mean_squared_error": 0.0003663304593548692, "mean_absolute_error": 0.014319126412040936, "r2_score": 0.9921072127513494, "predictions_within_5_percent": 6.3074074488437395, "predictions_within_10_percent": 12.363788416141771, "predictions_within_15_percent": 18.19637323172671, "predictions_within_30_percent": 34.650005354166105, "predictions_within_50_percent": 54.97520901226024}