{"last_trained_date": "2024-08-22 13:52:41.151642", "mean_squared_error": 0.00022934155683737497, "mean_absolute_error": 0.010706105420424859, "r2_score": 0.9950561253681558, "predictions_within_5_percent": 6.5478083063848125}