{"last_trained_date": "2024-08-16 06:37:18.660760", "mean_squared_error": 0.00011984281127594437, "mean_absolute_error": 0.00766546145429809, "r2_score": 0.997081744818246, "predictions_within_5_percent": 8.751854132405706}