{"last_trained_date": "2024-08-15 15:29:37.357804", "mean_squared_error": 8.576190318155413e-05, "mean_absolute_error": 0.005861669896928675, "r2_score": 0.9978467131704774, "predictions_within_5_percent": 8.947987092233628}