{"last_trained_date": "2024-08-16 05:08:29.536926", "mean_squared_error": 0.00020367010633589157, "mean_absolute_error": 0.010760731185950227, "r2_score": 0.9972617104406334, "predictions_within_5_percent": 5.952414249433817}