{"last_trained_date": "2024-08-15 08:13:08.530259", "mean_squared_error": 9.720408130037035e-05, "mean_absolute_error": 0.006357844786082557, "r2_score": 0.9986646764786722, "predictions_within_5_percent": 5.411903190283867}