{"last_trained_date": "2024-08-16 05:59:59.129586", "mean_squared_error": 0.00028906429017254936, "mean_absolute_error": 0.01109004878812837, "r2_score": 0.9967077154351626, "predictions_within_5_percent": 5.973789334090046}