{"last_trained_date": "2024-08-15 14:40:06.881037", "mean_squared_error": 0.0002988270707261083, "mean_absolute_error": 0.01176777405764946, "r2_score": 0.9965932882258698, "predictions_within_5_percent": 5.815479638313772}