{"last_trained_date": "2024-08-16 09:25:42.407800", "mean_squared_error": 0.00023600765716445192, "mean_absolute_error": 0.011260543823696754, "r2_score": 0.9931446557755037, "predictions_within_5_percent": 12.33656027492644}