{"last_trained_date": "2024-08-15 17:40:44.102422", "mean_squared_error": 0.0001245469994652802, "mean_absolute_error": 0.007861625409286147, "r2_score": 0.995784195874095, "predictions_within_5_percent": 8.807723104904895}