{"last_trained_date": "2024-08-15 16:41:16.246337", "mean_squared_error": 0.00042919731478534555, "mean_absolute_error": 0.015213677540534262, "r2_score": 0.9916661554445126, "predictions_within_5_percent": 5.367012103611905}