{"last_trained_date": "2024-08-16 08:18:47.734511", "mean_squared_error": 0.00018862410598320125, "mean_absolute_error": 0.009515482230560732, "r2_score": 0.9962687874582776, "predictions_within_5_percent": 6.354144985262884}