{"last_trained_date": "2024-08-14 23:33:46.039530", "mean_squared_error": 0.00018344193721791995, "mean_absolute_error": 0.008788838175734412, "r2_score": 0.995810785381107, "predictions_within_5_percent": 6.036043127408377}