{"last_trained_date": "2024-08-16 05:04:20.741018", "mean_squared_error": 0.0004986326619081948, "mean_absolute_error": 0.014501470399991266, "r2_score": 0.9887640055437085, "predictions_within_5_percent": 7.97942543968015}