{"last_trained_date": "2024-08-15 08:06:38.687426", "mean_squared_error": 0.0006603710570397605, "mean_absolute_error": 0.015068519546074473, "r2_score": 0.9786264121281177, "predictions_within_5_percent": 8.695405486182256}