{"last_trained_date": "2024-08-14 13:53:25.428164", "mean_squared_error": 0.0004667918276317435, "mean_absolute_error": 0.014521406654041929, "r2_score": 0.9897743274519244, "predictions_within_5_percent": 5.8702337932588655, "predictions_within_10_percent": 11.428587411156805, "predictions_within_15_percent": 16.896139965893163, "predictions_within_30_percent": 33.168779298076814, "predictions_within_50_percent": 53.885636210784725}