{"last_trained_date": "2024-08-14 20:10:14.087728", "mean_squared_error": 0.0006104655818341113, "mean_absolute_error": 0.017855487392539286, "r2_score": 0.98662696994209, "predictions_within_5_percent": 5.705383414231853}