{"last_trained_date": "2024-08-16 14:56:16.890379", "mean_squared_error": 0.00026178122971555023, "mean_absolute_error": 0.012251106183346946, "r2_score": 0.9953296529796706, "predictions_within_5_percent": 4.723243553823753}