{"last_trained_date": "2024-08-15 16:26:24.527215", "mean_squared_error": 0.0017013250650486313, "mean_absolute_error": 0.02647562754279975, "r2_score": 0.9467016138901918, "predictions_within_5_percent": 6.313436917865221}