{"last_trained_date": "2024-08-15 20:21:51.698281", "mean_squared_error": 0.0009257908674480985, "mean_absolute_error": 0.01773065347701635, "r2_score": 0.974256052542358, "predictions_within_5_percent": 7.963896294060772}