{"last_trained_date": "2024-08-16 14:11:33.582110", "mean_squared_error": 0.0008206315311856063, "mean_absolute_error": 0.018033437514519763, "r2_score": 0.9825071979097285, "predictions_within_5_percent": 10.64039926451274}