{"last_trained_date": "2024-08-16 15:25:38.287772", "mean_squared_error": 0.002336264046667145, "mean_absolute_error": 0.02116644496127695, "r2_score": 0.9450986669579579, "predictions_within_5_percent": 8.943007931421247}