{"last_trained_date": "2024-08-15 20:52:12.876777", "mean_squared_error": 0.0002333095272758769, "mean_absolute_error": 0.010487889133461267, "r2_score": 0.9922649953071431, "predictions_within_5_percent": 10.558215768099078}