{"last_trained_date": "2024-08-16 14:40:14.145495", "mean_squared_error": 0.00023461913694098076, "mean_absolute_error": 0.01003814219038124, "r2_score": 0.9923808184646172, "predictions_within_5_percent": 9.94998849253853}