{"last_trained_date": "2024-08-14 13:46:53.946818", "mean_squared_error": 0.00032828887522842065, "mean_absolute_error": 0.011463167806686403, "r2_score": 0.9919851695157722, "predictions_within_5_percent": 7.653275176002448, "predictions_within_10_percent": 14.628634833180287, "predictions_within_15_percent": 21.23790939700031, "predictions_within_30_percent": 39.05626976839098, "predictions_within_50_percent": 58.16886032037547}