{"last_trained_date": "2024-08-14 19:52:15.314820", "mean_squared_error": 0.00034766032589104897, "mean_absolute_error": 0.01273356846927809, "r2_score": 0.9915122357522186, "predictions_within_5_percent": 7.648326701357004}