{"last_trained_date": "2024-08-22 14:59:23.360845", "mean_squared_error": 0.0003214811136849505, "mean_absolute_error": 0.011317285044482912, "r2_score": 0.9921602710806354, "predictions_within_5_percent": 7.676363659435692}