{"last_trained_date": "2024-08-15 20:14:29.497056", "mean_squared_error": 0.00012041863415645192, "mean_absolute_error": 0.007578399878558763, "r2_score": 0.9978912809222038, "predictions_within_5_percent": 4.226215116009596}