{"last_trained_date": "2024-08-16 14:04:01.712255", "mean_squared_error": 0.00010199059396431812, "mean_absolute_error": 0.006504764604277634, "r2_score": 0.998213984797661, "predictions_within_5_percent": 4.166360333780314}