{"last_trained_date": "2024-08-16 05:24:45.700936", "mean_squared_error": 8.846619255273382e-05, "mean_absolute_error": 0.00628647826398363, "r2_score": 0.9983857014241606, "predictions_within_5_percent": 4.531484517917886}