{"last_trained_date": "2024-08-15 08:38:40.966903", "mean_squared_error": 0.00012290725796856446, "mean_absolute_error": 0.007508536868066052, "r2_score": 0.9976544265350967, "predictions_within_5_percent": 4.333338394485368}