{"last_trained_date": "2024-08-15 17:21:17.485738", "mean_squared_error": 0.0003438595064190748, "mean_absolute_error": 0.014011752077160712, "r2_score": 0.9942673862109394, "predictions_within_5_percent": 9.789284919624242}