{"last_trained_date": "2024-08-16 09:05:11.443811", "mean_squared_error": 0.00042590278523577574, "mean_absolute_error": 0.016902571278793348, "r2_score": 0.9912611352554631, "predictions_within_5_percent": 9.993344360666228}