{"last_trained_date": "2024-08-14 13:30:37.442993", "mean_squared_error": 0.00020156957205265575, "mean_absolute_error": 0.009952532970069391, "r2_score": 0.9962659920027188, "predictions_within_5_percent": 4.9443726116023985, "predictions_within_10_percent": 9.580690879218004, "predictions_within_15_percent": 13.892103164392077, "predictions_within_30_percent": 26.068665581981872, "predictions_within_50_percent": 42.58777635887937}