{"last_trained_date": "2024-08-22 14:49:52.433061", "mean_squared_error": 0.00012716960248256663, "mean_absolute_error": 0.007023935354589522, "r2_score": 0.9980373255362663, "predictions_within_5_percent": 4.861448804041434}