{"last_trained_date": "2024-08-14 18:19:43.764325", "mean_squared_error": 0.0001315463191677887, "mean_absolute_error": 0.007686107843388248, "r2_score": 0.9979740323891743, "predictions_within_5_percent": 4.801867884752773}