{"last_trained_date": "2024-08-15 20:26:20.257707", "mean_squared_error": 0.0002471802682118684, "mean_absolute_error": 0.01117314438624097, "r2_score": 0.9949281025404643, "predictions_within_5_percent": 4.173652388357645}