{"last_trained_date": "2024-08-16 07:44:11.548595", "mean_squared_error": 0.00044878266395117307, "mean_absolute_error": 0.01563560531346634, "r2_score": 0.9864303542565853, "predictions_within_5_percent": 7.325549687962207}