{"last_trained_date": "2024-08-16 07:36:08.756676", "mean_squared_error": 0.00016073189026619163, "mean_absolute_error": 0.008038531772973822, "r2_score": 0.9966949316361015, "predictions_within_5_percent": 6.208685016805688}