{"last_trained_date": "2024-08-16 11:03:51.974624", "mean_squared_error": 0.0003648068800563202, "mean_absolute_error": 0.01331046604395566, "r2_score": 0.9896712589468346, "predictions_within_5_percent": 5.39718922262303}