{"last_trained_date": "2024-08-15 19:20:19.963208", "mean_squared_error": 0.00023450559656358697, "mean_absolute_error": 0.010813240425234542, "r2_score": 0.9932209538670806, "predictions_within_5_percent": 4.780311372728276}