{"last_trained_date": "2024-08-16 09:47:39.800747", "mean_squared_error": 0.00044553983616171225, "mean_absolute_error": 0.012985262112073404, "r2_score": 0.9913683448972661, "predictions_within_5_percent": 5.916029560281752}