{"last_trained_date": "2024-08-15 18:03:41.032067", "mean_squared_error": 0.00040229889352316316, "mean_absolute_error": 0.012610257910047022, "r2_score": 0.9937379922601095, "predictions_within_5_percent": 7.829985845564631}