{"last_trained_date": "2024-08-16 15:33:54.739960", "mean_squared_error": 0.0005324380735748863, "mean_absolute_error": 0.012464535105424382, "r2_score": 0.9867184917144751, "predictions_within_5_percent": 5.28231650958677}