{"last_trained_date": "2024-08-15 21:49:19.984759", "mean_squared_error": 0.0002971947975343355, "mean_absolute_error": 0.00788903631092111, "r2_score": 0.9939965271159059, "predictions_within_5_percent": 3.913371980342182}