{"last_trained_date": "2024-08-14 13:10:44.231339", "mean_squared_error": 0.0002724645795676535, "mean_absolute_error": 0.010536135917414226, "r2_score": 0.9933330148859512, "predictions_within_5_percent": 5.234994791729027, "predictions_within_10_percent": 10.162330431867435, "predictions_within_15_percent": 14.678751451730705, "predictions_within_30_percent": 26.626141928377294, "predictions_within_50_percent": 44.162988948887104}