{"last_trained_date": "2024-08-22 14:38:13.772279", "mean_squared_error": 0.0003231719719163488, "mean_absolute_error": 0.011301144015094425, "r2_score": 0.9909087223185769, "predictions_within_5_percent": 5.807953084497421}