{"last_trained_date": "2024-08-14 17:42:45.200224", "mean_squared_error": 0.0003180984365169254, "mean_absolute_error": 0.011152107232242777, "r2_score": 0.990752886325064, "predictions_within_5_percent": 5.955244788735767}