{"last_trained_date": "2024-08-15 20:35:02.017052", "mean_squared_error": 0.00018820284931217018, "mean_absolute_error": 0.010512853927711905, "r2_score": 0.9953747900281036, "predictions_within_5_percent": 6.743652116653694}