{"last_trained_date": "2024-08-16 14:23:51.869738", "mean_squared_error": 0.0004173208955660631, "mean_absolute_error": 0.01432566475598922, "r2_score": 0.9903185745999535, "predictions_within_5_percent": 7.75455064162089}