{"last_trained_date": "2024-08-16 06:26:52.125051", "mean_squared_error": 0.00012236887498160605, "mean_absolute_error": 0.007779925965735179, "r2_score": 0.9977153159335616, "predictions_within_5_percent": 5.284002550820626}