{"last_trained_date": "2024-08-15 15:18:26.269708", "mean_squared_error": 0.00012907688084067077, "mean_absolute_error": 0.008176924925580505, "r2_score": 0.9975583886527108, "predictions_within_5_percent": 4.600507287259801}