{"last_trained_date": "2024-08-15 20:05:52.090838", "mean_squared_error": 0.000188766910527115, "mean_absolute_error": 0.009449944203234712, "r2_score": 0.9944624751616005, "predictions_within_5_percent": 6.744611620158267}