{"last_trained_date": "2024-08-15 15:33:45.797698", "mean_squared_error": 0.00017215962235017716, "mean_absolute_error": 0.009411781587127525, "r2_score": 0.996678354298085, "predictions_within_5_percent": 4.535887696765604}