{"last_trained_date": "2024-08-16 14:44:22.826089", "mean_squared_error": 0.0004060469404557868, "mean_absolute_error": 0.015004719030606357, "r2_score": 0.992854811104038, "predictions_within_5_percent": 11.101483823226213}