{"last_trained_date": "2024-08-15 20:56:18.422209", "mean_squared_error": 0.00040388212754734844, "mean_absolute_error": 0.015218438300962756, "r2_score": 0.9921853875269349, "predictions_within_5_percent": 8.704715342163178}