{"last_trained_date": "2024-08-15 00:36:23.785832", "mean_squared_error": 0.00035904105317719067, "mean_absolute_error": 0.013759717084065454, "r2_score": 0.9936779342515978, "predictions_within_5_percent": 6.436237076081901}