{"last_trained_date": "2024-08-16 04:39:58.752931", "mean_squared_error": 0.00026963847741630424, "mean_absolute_error": 0.011413199337536121, "r2_score": 0.9943940779893317, "predictions_within_5_percent": 6.248591534663831}