{"last_trained_date": "2024-08-15 22:08:24.325571", "mean_squared_error": 0.00508694538987674, "mean_absolute_error": 0.052546691976368236, "r2_score": 0.31733848479146554, "predictions_within_5_percent": 28.39506172839506}