{"last_trained_date": "2024-08-16 15:52:52.812633", "mean_squared_error": 0.0051973693343944204, "mean_absolute_error": 0.05343975940693509, "r2_score": 0.30251973375282515, "predictions_within_5_percent": 28.155006858710564}