{"last_trained_date": "2024-08-16 03:34:43.769377", "mean_squared_error": 0.0001905242602532512, "mean_absolute_error": 0.008367711535697691, "r2_score": 0.9957588943840521, "predictions_within_5_percent": 4.169117329757496}