{"last_trained_date": "2024-08-14 23:03:38.101690", "mean_squared_error": 0.00019384888864656217, "mean_absolute_error": 0.00903702105082704, "r2_score": 0.9960832521181355, "predictions_within_5_percent": 4.011828711436019}