{"last_trained_date": "2024-08-16 13:59:29.131727", "mean_squared_error": 0.00023264106280653939, "mean_absolute_error": 0.00828546543101038, "r2_score": 0.9964640449564784, "predictions_within_5_percent": 6.8490433421160954}