{"last_trained_date": "2024-08-15 20:10:15.698839", "mean_squared_error": 0.0002794529074426805, "mean_absolute_error": 0.008133132769249674, "r2_score": 0.9951269861515185, "predictions_within_5_percent": 7.0595033727748655}