{"last_trained_date": "2024-08-14 23:40:31.176446", "mean_squared_error": 0.003294452840020902, "mean_absolute_error": 0.04430427882247252, "r2_score": 0.5061973126709227, "predictions_within_5_percent": 3.75}