{"last_trained_date": "2024-08-15 17:25:33.018497", "mean_squared_error": 0.00023200582896041824, "mean_absolute_error": 0.010037137389461213, "r2_score": 0.9900441996009328, "predictions_within_5_percent": 6.63608931708011}