{"last_trained_date": "2024-08-16 09:09:51.490818", "mean_squared_error": 0.0002030614703810887, "mean_absolute_error": 0.00913642915842465, "r2_score": 0.9947108818090991, "predictions_within_5_percent": 5.1763098927408695}