{"last_trained_date": "2024-08-14 22:56:56.265909", "mean_squared_error": 0.00011940325399140105, "mean_absolute_error": 0.006440849381698424, "r2_score": 0.997681724969945, "predictions_within_5_percent": 3.7009474476610285}