{"last_trained_date": "2024-08-15 13:36:30.303533", "mean_squared_error": 0.00013190006736922249, "mean_absolute_error": 0.007617337525943218, "r2_score": 0.9973759724047797, "predictions_within_5_percent": 3.555975409194142}