{"last_trained_date": "2024-08-15 00:52:40.264454", "mean_squared_error": 0.0015592487947646188, "mean_absolute_error": 0.027383136633751203, "r2_score": 0.9692955579977419, "predictions_within_5_percent": 6.869377162629759}