{"last_trained_date": "2024-08-16 04:51:29.888104", "mean_squared_error": 0.0016457984050475755, "mean_absolute_error": 0.028453131604180778, "r2_score": 0.9673215003969987, "predictions_within_5_percent": 6.912629757785467}