{"last_trained_date": "2024-08-15 08:49:43.456233", "mean_squared_error": 0.00043548163400262296, "mean_absolute_error": 0.013580481386127, "r2_score": 0.9922517021265702, "predictions_within_5_percent": 6.513082143769346}