{"last_trained_date": "2024-08-16 05:31:45.142349", "mean_squared_error": 0.0004887644949378462, "mean_absolute_error": 0.015412644553715864, "r2_score": 0.9907394833510677, "predictions_within_5_percent": 6.569409270875265}