{"last_trained_date": "2024-08-16 09:14:05.121220", "mean_squared_error": 0.0001652265329458072, "mean_absolute_error": 0.009224224337201254, "r2_score": 0.9963122364490962, "predictions_within_5_percent": 7.1172904671702995}