{"last_trained_date": "2024-08-15 17:30:07.490216", "mean_squared_error": 0.0002585426555240239, "mean_absolute_error": 0.012032893411279418, "r2_score": 0.9918724295812678, "predictions_within_5_percent": 8.24187964793561}