{"last_trained_date": "2024-08-15 20:30:40.301292", "mean_squared_error": 0.0003056096907079684, "mean_absolute_error": 0.0128745917978436, "r2_score": 0.9895605512758554, "predictions_within_5_percent": 6.690440096470886}