{"last_trained_date": "2024-08-16 14:19:44.680211", "mean_squared_error": 0.0005133581639437547, "mean_absolute_error": 0.016337881913697727, "r2_score": 0.9849419877252705, "predictions_within_5_percent": 6.02037020462504}