{"last_trained_date": "2024-08-15 19:24:52.019842", "mean_squared_error": 0.0005207791378211349, "mean_absolute_error": 0.015232222742102121, "r2_score": 0.9867816927782277, "predictions_within_5_percent": 7.805505121619484}