{"last_trained_date": "2024-08-16 11:09:28.786511", "mean_squared_error": 0.00041947802650612454, "mean_absolute_error": 0.013218096027802278, "r2_score": 0.9923262268647551, "predictions_within_5_percent": 6.7412047832681505}