{"last_trained_date": "2024-08-15 18:19:53.868652", "mean_squared_error": 0.00017519291716373088, "mean_absolute_error": 0.009138715216499397, "r2_score": 0.9964840448946379, "predictions_within_5_percent": 8.123498635886337}