{"last_trained_date": "2024-08-15 20:18:56.253031", "mean_squared_error": 0.0003564016637284964, "mean_absolute_error": 0.012888266954780903, "r2_score": 0.9871552683312647, "predictions_within_5_percent": 10.370241014322115}