{"last_trained_date": "2024-08-15 14:55:13.753614", "mean_squared_error": 0.0005258368149381169, "mean_absolute_error": 0.01756341422309782, "r2_score": 0.9895779501651821, "predictions_within_5_percent": 3.758441190351768}