{"last_trained_date": "2024-08-16 06:14:42.242475", "mean_squared_error": 0.0011288884220236458, "mean_absolute_error": 0.018933237095398146, "r2_score": 0.9758678215433152, "predictions_within_5_percent": 4.957802045196313}