{"last_trained_date": "2024-08-16 09:02:38.860831", "mean_squared_error": 0.00026429392405410713, "mean_absolute_error": 0.01147757025272387, "r2_score": 0.9939085157398209, "predictions_within_5_percent": 5.775077475582605}