{"last_trained_date": "2024-08-16 07:13:36.763274", "mean_squared_error": 0.0002955371936442337, "mean_absolute_error": 0.011601444582853048, "r2_score": 0.9947012987383984, "predictions_within_5_percent": 7.141898080556242}