{"last_trained_date": "2024-08-15 18:09:30.899290", "mean_squared_error": 0.00043109863249078163, "mean_absolute_error": 0.013630766189582887, "r2_score": 0.9903002595145614, "predictions_within_5_percent": 5.800789459804597}