{"last_trained_date": "2024-08-16 09:53:28.092162", "mean_squared_error": 0.0002719359002527504, "mean_absolute_error": 0.010816248684816905, "r2_score": 0.9942747887103965, "predictions_within_5_percent": 6.0155554507808295}