{"last_trained_date": "2024-08-14 12:42:43.579906", "mean_squared_error": 9.637313381356099e-05, "mean_absolute_error": 0.006954633387674149, "r2_score": 0.9982315292350088, "predictions_within_5_percent": 0.9910671814048162, "predictions_within_10_percent": 1.818329205386059, "predictions_within_15_percent": 2.7047741886731953, "predictions_within_30_percent": 5.240045823063443, "predictions_within_50_percent": 8.849476674107601}