{"last_trained_date": "2024-08-22 14:21:45.784032", "mean_squared_error": 4.114067089928422e-05, "mean_absolute_error": 0.002633611431949524, "r2_score": 0.9992314457034894, "predictions_within_5_percent": 2.476004786440499}