{"last_trained_date": "2024-08-14 13:42:48.741096", "mean_squared_error": 4.860883091585557e-05, "mean_absolute_error": 0.0046635788079104155, "r2_score": 0.9991080159688343, "predictions_within_5_percent": 1.1410086731372437, "predictions_within_10_percent": 1.9158446505791504, "predictions_within_15_percent": 2.5694760064126703, "predictions_within_30_percent": 4.657931790964708, "predictions_within_50_percent": 7.496594805833215}