{"last_trained_date": "2024-08-16 15:41:19.072136", "mean_squared_error": 0.0002780530300429315, "mean_absolute_error": 0.011482088490107489, "r2_score": 0.9937421388814148, "predictions_within_5_percent": 8.244406894248026}