{"last_trained_date": "2024-08-15 21:56:45.215547", "mean_squared_error": 0.00019149087956893876, "mean_absolute_error": 0.010541071312645088, "r2_score": 0.9929762374390013, "predictions_within_5_percent": 8.057380678013237}