{"last_trained_date": "2024-08-16 15:07:49.774082", "mean_squared_error": 0.00026828616741875774, "mean_absolute_error": 0.011683425183343253, "r2_score": 0.9951395337633268, "predictions_within_5_percent": 4.671250205775786}