{"last_trained_date": "2024-08-15 21:22:11.224357", "mean_squared_error": 0.0003131525460052229, "mean_absolute_error": 0.013100507590591672, "r2_score": 0.9923832285409249, "predictions_within_5_percent": 5.5916373519413245}