{"last_trained_date": "2024-08-16 10:15:29.281332", "mean_squared_error": 0.00020901643681981363, "mean_absolute_error": 0.00858273649690173, "r2_score": 0.9947104463727138, "predictions_within_5_percent": 4.67823259776148}