{"last_trained_date": "2024-08-15 18:23:53.312065", "mean_squared_error": 0.00014642597195900733, "mean_absolute_error": 0.007080372278951482, "r2_score": 0.9962728760096581, "predictions_within_5_percent": 3.988064604806603}