{"last_trained_date": "2024-08-16 09:18:54.417567", "mean_squared_error": 9.250862308250894e-05, "mean_absolute_error": 0.005757654108518396, "r2_score": 0.9980469738011678, "predictions_within_5_percent": 6.3583419506106145}