{"last_trained_date": "2024-08-15 17:34:20.210068", "mean_squared_error": 0.0001280252239111367, "mean_absolute_error": 0.007422596851581113, "r2_score": 0.9974073322400835, "predictions_within_5_percent": 7.104628796463373}