{"last_trained_date": "2024-08-15 18:27:52.678483", "mean_squared_error": 0.00023088700640286805, "mean_absolute_error": 0.008192454565389022, "r2_score": 0.9976235871145702, "predictions_within_5_percent": 3.373858528684341}