{"last_trained_date": "2024-08-16 10:21:03.745362", "mean_squared_error": 0.00047253292281033645, "mean_absolute_error": 0.010155249173159506, "r2_score": 0.995353274860567, "predictions_within_5_percent": 6.635200866507442}