{"last_trained_date": "2024-08-14 12:29:35.344946", "mean_squared_error": 0.00012920389657340134, "mean_absolute_error": 0.0074151356969919075, "r2_score": 0.9983969441771988, "predictions_within_5_percent": 5.787610840327536, "predictions_within_10_percent": 10.155147757986867, "predictions_within_15_percent": 13.778566419342683, "predictions_within_30_percent": 23.433535734696985, "predictions_within_50_percent": 34.97430675661173}