{"last_trained_date": "2024-08-14 13:22:51.908978", "mean_squared_error": 0.00018557083945952135, "mean_absolute_error": 0.009214162605650058, "r2_score": 0.9976667413500232, "predictions_within_5_percent": 6.7047211178744615, "predictions_within_10_percent": 12.109142002900004, "predictions_within_15_percent": 16.59043297919334, "predictions_within_30_percent": 27.559339038506174, "predictions_within_50_percent": 38.8744787104213}