{"last_trained_date": "2024-08-22 14:10:11.199488", "mean_squared_error": 0.0003252322632866825, "mean_absolute_error": 0.014450070363612698, "r2_score": 0.9958640045075937, "predictions_within_5_percent": 6.274613181477462}