{"last_trained_date": "2024-08-16 09:40:10.549264", "mean_squared_error": 0.0001430820186996005, "mean_absolute_error": 0.0080349981409086, "r2_score": 0.9979785652070188, "predictions_within_5_percent": 4.28979083528622}