{"last_trained_date": "2024-08-15 17:54:46.055514", "mean_squared_error": 0.00039526363569289137, "mean_absolute_error": 0.01527492988478205, "r2_score": 0.9938888159987359, "predictions_within_5_percent": 4.369309200694923}