{"last_trained_date": "2024-08-16 15:03:41.912728", "mean_squared_error": 0.00037789226174052656, "mean_absolute_error": 0.0133270697846473, "r2_score": 0.9943855620482432, "predictions_within_5_percent": 7.354909492581277}