{"last_trained_date": "2024-08-15 21:17:22.466789", "mean_squared_error": 0.0002136978438618845, "mean_absolute_error": 0.009913404515204987, "r2_score": 0.996904327320073, "predictions_within_5_percent": 4.307965299684543}