{"last_trained_date": "2024-08-16 08:47:52.779208", "mean_squared_error": 0.0005326168347942825, "mean_absolute_error": 0.016772507244773062, "r2_score": 0.986671168217344, "predictions_within_5_percent": 6.000431929369759}