{"last_trained_date": "2024-08-15 17:09:48.564593", "mean_squared_error": 0.000543152826349314, "mean_absolute_error": 0.016928272315046154, "r2_score": 0.9865321091277519, "predictions_within_5_percent": 6.839907237074485}