{"last_trained_date": "2024-08-15 19:52:35.556340", "mean_squared_error": 0.00023094764770435406, "mean_absolute_error": 0.010746315061477236, "r2_score": 0.9956829437862295, "predictions_within_5_percent": 6.0444789818870595}