{"last_trained_date": "2024-08-16 13:41:32.331157", "mean_squared_error": 0.00021512316509994512, "mean_absolute_error": 0.010202147127740736, "r2_score": 0.9956201071106975, "predictions_within_5_percent": 6.074168843238524}