{"last_trained_date": "2024-08-16 05:00:14.541829", "mean_squared_error": 0.00013759686873638266, "mean_absolute_error": 0.008121944144109798, "r2_score": 0.9989416529232009, "predictions_within_5_percent": 8.563489222143552}