{"last_trained_date": "2024-08-15 07:59:58.780570", "mean_squared_error": 0.0001374980130189189, "mean_absolute_error": 0.0077740642285152066, "r2_score": 0.9988463709087565, "predictions_within_5_percent": 7.849667002833713}