{"last_trained_date": "2024-08-15 00:23:25.872724", "mean_squared_error": 0.00046933451493931234, "mean_absolute_error": 0.004258873450585656, "r2_score": 0.9858616837557482, "predictions_within_5_percent": 0.4481952196041628}