{"last_trained_date": "2024-08-15 17:36:14.311185", "mean_squared_error": 0.00031028199879682154, "mean_absolute_error": 0.012127126634746348, "r2_score": 0.9780384101506759, "predictions_within_5_percent": 14.537173933271989}