{"last_trained_date": "2024-08-16 09:21:01.255387", "mean_squared_error": 0.0003719517791112604, "mean_absolute_error": 0.013196369281473152, "r2_score": 0.9842989979690605, "predictions_within_5_percent": 10.098892691349345}