{"last_trained_date": "2024-08-16 10:50:05.480553", "mean_squared_error": 0.0004698918342208231, "mean_absolute_error": 0.014386509005025886, "r2_score": 0.9879909526694176, "predictions_within_5_percent": 7.838574419164733}