{"last_trained_date": "2024-08-15 18:50:23.456971", "mean_squared_error": 0.00045272674622775095, "mean_absolute_error": 0.013950913124157345, "r2_score": 0.9884293611216217, "predictions_within_5_percent": 7.926777807739256}