{"last_trained_date": "2024-08-15 21:13:41.250974", "mean_squared_error": 0.00025267596292046244, "mean_absolute_error": 0.011292993097587963, "r2_score": 0.9900738308018777, "predictions_within_5_percent": 8.82779123866635}