{"last_trained_date": "2024-08-16 07:01:22.392339", "mean_squared_error": 0.00011504065366670445, "mean_absolute_error": 0.0072053576937072955, "r2_score": 0.9977065240666472, "predictions_within_5_percent": 6.292002026509337}