{"last_trained_date": "2024-08-15 15:55:30.763176", "mean_squared_error": 5.688012556504653e-05, "mean_absolute_error": 0.004516926957342714, "r2_score": 0.9990854939628827, "predictions_within_5_percent": 6.384053934832607}