{"last_trained_date": "2024-08-16 04:34:56.394366", "mean_squared_error": 7.383317127394342e-05, "mean_absolute_error": 0.005409146681194738, "r2_score": 0.9987813886229111, "predictions_within_5_percent": 4.4081669324588395}