{"last_trained_date": "2024-08-15 00:29:53.186021", "mean_squared_error": 8.93798718198295e-05, "mean_absolute_error": 0.006798236155817721, "r2_score": 0.998494883145676, "predictions_within_5_percent": 4.243795959922069}