{"last_trained_date": "2024-08-16 08:38:25.096002", "mean_squared_error": 0.0003268493865387271, "mean_absolute_error": 0.013286623024200068, "r2_score": 0.9921855217378139, "predictions_within_5_percent": 10.7301184629228}