{"last_trained_date": "2024-08-15 17:00:44.595787", "mean_squared_error": 0.000378161973938257, "mean_absolute_error": 0.014800122884584984, "r2_score": 0.9926919747377335, "predictions_within_5_percent": 9.087588163936575}