{"last_trained_date": "2024-08-16 09:36:10.462731", "mean_squared_error": 0.0001783303948034575, "mean_absolute_error": 0.008334621722644875, "r2_score": 0.9970571316357961, "predictions_within_5_percent": 5.338434546493664}