{"last_trained_date": "2024-08-15 20:39:20.054291", "mean_squared_error": 0.0001032796704347002, "mean_absolute_error": 0.00677686250561932, "r2_score": 0.9983035920623291, "predictions_within_5_percent": 6.217595308152237}