{"last_trained_date": "2024-08-16 14:27:58.104975", "mean_squared_error": 0.00017784391023292314, "mean_absolute_error": 0.009388795508272775, "r2_score": 0.9970226129454478, "predictions_within_5_percent": 5.695204505171166}