{"last_trained_date": "2024-08-15 18:54:00.261681", "mean_squared_error": 0.00022888051352103526, "mean_absolute_error": 0.0060910956334160665, "r2_score": 0.9895111947729409, "predictions_within_5_percent": 4.9915358866949315}