{"last_trained_date": "2024-08-16 10:55:06.261287", "mean_squared_error": 0.00031583555377667446, "mean_absolute_error": 0.008467648734130863, "r2_score": 0.983772787522474, "predictions_within_5_percent": 4.7407625620739}