{"last_trained_date": "2024-08-14 12:22:57.462136", "mean_squared_error": 0.00012461541053368096, "mean_absolute_error": 0.007988445685550334, "r2_score": 0.9971498483692137, "predictions_within_5_percent": 6.110731746688808, "predictions_within_10_percent": 11.63251521142563, "predictions_within_15_percent": 16.54064731069027, "predictions_within_30_percent": 29.56585504434368, "predictions_within_50_percent": 44.69912583249291}