{"last_trained_date": "2024-08-14 13:12:51.621329", "mean_squared_error": 7.16747664241081e-05, "mean_absolute_error": 0.005564137592328702, "r2_score": 0.9983387942911273, "predictions_within_5_percent": 5.057409446666912, "predictions_within_10_percent": 9.800431449892196, "predictions_within_15_percent": 14.394116171020057, "predictions_within_30_percent": 27.453846289083415, "predictions_within_50_percent": 42.70672675053262}