{"last_trained_date": "2024-08-22 14:04:19.946105", "mean_squared_error": 7.658330547988124e-05, "mean_absolute_error": 0.006199523344982739, "r2_score": 0.9980959232533828, "predictions_within_5_percent": 5.032120823995516}