{"last_trained_date": "2024-08-16 10:32:56.079943", "mean_squared_error": 0.0004028635618400448, "mean_absolute_error": 0.006546064318162907, "r2_score": 0.9848184750932559, "predictions_within_5_percent": 7.380378339760997}