{"last_trained_date": "2024-08-15 17:46:04.414814", "mean_squared_error": 8.639622436559124e-05, "mean_absolute_error": 0.006523143009223992, "r2_score": 0.9990203007459787, "predictions_within_5_percent": 3.37895828705043}