{"last_trained_date": "2024-08-16 06:12:17.674068", "mean_squared_error": 0.0003186078347082161, "mean_absolute_error": 0.012044086781766503, "r2_score": 0.9924281564464649, "predictions_within_5_percent": 7.842880638100872}