{"last_trained_date": "2024-08-14 23:57:11.248867", "mean_squared_error": 0.00021795405683519805, "mean_absolute_error": 0.009776410186874822, "r2_score": 0.9971890343456513, "predictions_within_5_percent": 3.091990966642746}