{"last_trained_date": "2024-08-16 04:12:03.896325", "mean_squared_error": 0.00011731214304823914, "mean_absolute_error": 0.009065991582642588, "r2_score": 0.9984917572964218, "predictions_within_5_percent": 2.3872978794027286}