{"last_trained_date": "2024-08-16 15:16:07.293124", "mean_squared_error": 0.0003438817502450315, "mean_absolute_error": 0.01361136890542388, "r2_score": 0.9886638767923533, "predictions_within_5_percent": 7.654299874856356}