{"last_trained_date": "2024-08-15 21:31:28.403994", "mean_squared_error": 0.0002751820412265779, "mean_absolute_error": 0.011285846545560597, "r2_score": 0.9928352386804928, "predictions_within_5_percent": 6.961284983881563}