{"last_trained_date": "2024-08-15 17:59:22.562542", "mean_squared_error": 0.0002215688700966108, "mean_absolute_error": 0.010122696826565355, "r2_score": 0.996032070932594, "predictions_within_5_percent": 4.394043833850713}