{"last_trained_date": "2024-08-16 09:43:39.417382", "mean_squared_error": 0.0004546211661705384, "mean_absolute_error": 0.013579071419124861, "r2_score": 0.9912958310598533, "predictions_within_5_percent": 4.388453760976715}