{"last_trained_date": "2024-08-16 05:12:35.009546", "mean_squared_error": 0.00026589200119573816, "mean_absolute_error": 0.011563373426542222, "r2_score": 0.9948390909317162, "predictions_within_5_percent": 7.012888756411015}