{"last_trained_date": "2024-08-15 08:19:31.458538", "mean_squared_error": 0.00011031376806243125, "mean_absolute_error": 0.006664347847759123, "r2_score": 0.9982602530782588, "predictions_within_5_percent": 4.074090870587408}