{"last_trained_date": "2024-08-16 08:29:52.551344", "mean_squared_error": 0.00048359412645849006, "mean_absolute_error": 0.01559466076814116, "r2_score": 0.9876777877532835, "predictions_within_5_percent": 9.43023481614433}