{"last_trained_date": "2024-08-16 04:20:47.640198", "mean_squared_error": 0.00025053946516637393, "mean_absolute_error": 0.009232158164501018, "r2_score": 0.9761759128945835, "predictions_within_5_percent": 6.563050793142125}