{"last_trained_date": "2024-08-15 00:10:15.012269", "mean_squared_error": 0.0001547979558512392, "mean_absolute_error": 0.006861545530852112, "r2_score": 0.994440701312929, "predictions_within_5_percent": 3.977447524435187}