{"last_trained_date": "2024-08-15 17:14:07.357980", "mean_squared_error": 0.00012414140250010869, "mean_absolute_error": 0.0062992159659901945, "r2_score": 0.9983615471403605, "predictions_within_5_percent": 4.337393975524269}