{"last_trained_date": "2024-08-16 08:52:14.897913", "mean_squared_error": 0.00026982502345902407, "mean_absolute_error": 0.011162742802053573, "r2_score": 0.9959960767200062, "predictions_within_5_percent": 4.962881436725241}