{"last_trained_date": "2024-08-16 10:02:45.540878", "mean_squared_error": 0.0004922564766956898, "mean_absolute_error": 0.017255030815079713, "r2_score": 0.99178991184064, "predictions_within_5_percent": 6.06892009095573}