{"last_trained_date": "2024-08-15 18:15:53.306346", "mean_squared_error": 0.00047859934611468115, "mean_absolute_error": 0.014548050209509581, "r2_score": 0.9889473089778628, "predictions_within_5_percent": 7.642571008320114}