{"last_trained_date": "2024-08-16 15:52:35.441805", "mean_squared_error": 0.0002811231944189815, "mean_absolute_error": 0.011298621297363505, "r2_score": 0.9917236570364553, "predictions_within_5_percent": 7.788753871456416}