{"last_trained_date": "2024-08-15 22:08:05.638076", "mean_squared_error": 0.00022909767096556896, "mean_absolute_error": 0.010181332112848131, "r2_score": 0.9932477830847755, "predictions_within_5_percent": 7.5771184135326894}