{"last_trained_date": "2024-08-15 20:03:04.800364", "mean_squared_error": 0.0004649737429752504, "mean_absolute_error": 0.014959277769877299, "r2_score": 0.9932197618691175, "predictions_within_5_percent": 8.58968149732002}