{"last_trained_date": "2024-08-16 13:51:15.831183", "mean_squared_error": 0.0004428455350355567, "mean_absolute_error": 0.014365305579820185, "r2_score": 0.9933337588454401, "predictions_within_5_percent": 8.31262456106215}