{"last_trained_date": "2024-08-14 12:48:42.103263", "mean_squared_error": 0.0004314545684852951, "mean_absolute_error": 0.011187353901496378, "r2_score": 0.9885935207407301, "predictions_within_5_percent": 3.905880136662038, "predictions_within_10_percent": 7.581298427439717, "predictions_within_15_percent": 11.195171458780457, "predictions_within_30_percent": 22.174478344748138, "predictions_within_50_percent": 36.99342284354879}