{"last_trained_date": "2024-08-22 14:27:05.710339", "mean_squared_error": 0.0003793800102639922, "mean_absolute_error": 0.009567638350274006, "r2_score": 0.9886144246843593, "predictions_within_5_percent": 5.681267982282686}