{"last_trained_date": "2024-08-14 17:53:09.974993", "mean_squared_error": 0.00045845418740985625, "mean_absolute_error": 0.011365675497412148, "r2_score": 0.9878797246292359, "predictions_within_5_percent": 4.241716047531877}