{"last_trained_date": "2024-08-16 13:38:01.272347", "mean_squared_error": 0.0014991562077628488, "mean_absolute_error": 0.004489446633843152, "r2_score": 0.8813580714552001, "predictions_within_5_percent": 3.1835643326390004}