{"last_trained_date": "2024-08-15 16:30:27.995684", "mean_squared_error": 0.0001594456081400083, "mean_absolute_error": 0.008757454466218612, "r2_score": 0.9964366933882873, "predictions_within_5_percent": 5.062084186569258}