{"last_trained_date": "2024-08-16 10:58:17.513213", "mean_squared_error": 0.000567615023949679, "mean_absolute_error": 0.018048177475933392, "r2_score": 0.9923238030971421, "predictions_within_5_percent": 5.918565316883892}