{"last_trained_date": "2024-08-15 18:56:18.494544", "mean_squared_error": 0.00042650746827114453, "mean_absolute_error": 0.015217070690928843, "r2_score": 0.9887826809297412, "predictions_within_5_percent": 5.250328587362347}