{"last_trained_date": "2024-08-16 03:49:51.025026", "mean_squared_error": 0.00023419416407486935, "mean_absolute_error": 0.010963386690183834, "r2_score": 0.995874377686534, "predictions_within_5_percent": 5.410704496380744}