{"last_trained_date": "2024-08-15 22:00:54.914535", "mean_squared_error": 0.0001275656475592668, "mean_absolute_error": 0.007288056078289643, "r2_score": 0.9971065595453656, "predictions_within_5_percent": 11.325259996707587}