{"last_trained_date": "2024-08-16 15:45:25.731938", "mean_squared_error": 0.0001212902141939619, "mean_absolute_error": 0.007585201094707083, "r2_score": 0.9979887636276004, "predictions_within_5_percent": 9.28375442118268}