{"last_trained_date": "2024-08-15 21:27:01.428354", "mean_squared_error": 0.00014580336072800797, "mean_absolute_error": 0.007363476000491942, "r2_score": 0.9974982405187818, "predictions_within_5_percent": 4.235264756457003}