{"last_trained_date": "2024-08-16 04:25:29.386507", "mean_squared_error": 0.00036141293592704585, "mean_absolute_error": 0.013950478775546508, "r2_score": 0.9911222813550005, "predictions_within_5_percent": 7.7730266271789255}