{"last_trained_date": "2024-08-15 00:16:54.438641", "mean_squared_error": 0.0002109826843112016, "mean_absolute_error": 0.00958197331834268, "r2_score": 0.9955943683542362, "predictions_within_5_percent": 6.962660133441226}