{"last_trained_date": "2024-08-16 05:35:23.040158", "mean_squared_error": 0.00047315049838656144, "mean_absolute_error": 0.010393018616346247, "r2_score": 0.9627577863839478, "predictions_within_5_percent": 7.702048389401312}