{"last_trained_date": "2024-08-15 15:51:13.764045", "mean_squared_error": 5.164970176437592e-05, "mean_absolute_error": 0.004473181596649444, "r2_score": 0.9991270996636011, "predictions_within_5_percent": 6.073242594868631}