{"last_trained_date": "2024-08-16 06:57:19.244496", "mean_squared_error": 0.00010063421365403065, "mean_absolute_error": 0.007014550168483566, "r2_score": 0.997906291469427, "predictions_within_5_percent": 6.4204407907379535}