{"last_trained_date": "2024-08-16 10:43:58.904820", "mean_squared_error": 0.00014619931451828155, "mean_absolute_error": 0.007357974115835019, "r2_score": 0.9963897420526204, "predictions_within_5_percent": 2.718467957313711}