{"last_trained_date": "2024-08-15 18:45:15.123126", "mean_squared_error": 0.00029087374187120415, "mean_absolute_error": 0.011311805364569617, "r2_score": 0.9927355602396937, "predictions_within_5_percent": 2.6795503619256458}