{"last_trained_date": "2024-08-16 13:45:33.742937", "mean_squared_error": 0.00018618814562561023, "mean_absolute_error": 0.009531853055190609, "r2_score": 0.9966810939754063, "predictions_within_5_percent": 5.870273749722302}