{"last_trained_date": "2024-08-15 19:56:51.985866", "mean_squared_error": 0.00020596815017179, "mean_absolute_error": 0.010488896496925023, "r2_score": 0.9961589136423047, "predictions_within_5_percent": 5.48236641355579}