{"last_trained_date": "2024-08-15 11:31:47.520942", "mean_squared_error": 0.0001727362808367744, "mean_absolute_error": 0.007897842610946813, "r2_score": 0.9972896790276506, "predictions_within_5_percent": 4.703515050001519}