{"last_trained_date": "2024-08-16 05:44:45.011349", "mean_squared_error": 0.00024936452277365403, "mean_absolute_error": 0.011240184929247141, "r2_score": 0.9947166265966249, "predictions_within_5_percent": 5.034827509614689}