{"last_trained_date": "2024-08-15 08:32:13.709892", "mean_squared_error": 0.00011805267182371878, "mean_absolute_error": 0.007148795957765684, "r2_score": 0.9981786306746055, "predictions_within_5_percent": 4.915673881738457}