{"last_trained_date": "2024-08-16 05:20:42.057080", "mean_squared_error": 0.0001689883311741519, "mean_absolute_error": 0.010222405806519405, "r2_score": 0.997413216557884, "predictions_within_5_percent": 4.907612665239955}