{"last_trained_date": "2024-08-15 16:04:36.657492", "mean_squared_error": 0.00024484732414778866, "mean_absolute_error": 0.010321159842360256, "r2_score": 0.9944059013862349, "predictions_within_5_percent": 7.73241476087655}