{"last_trained_date": "2024-08-16 07:09:30.365363", "mean_squared_error": 0.0003356560429679187, "mean_absolute_error": 0.011159326149098528, "r2_score": 0.9916558948654303, "predictions_within_5_percent": 8.499109370429979}