{"last_trained_date": "2024-08-16 14:50:29.602147", "mean_squared_error": 0.0004312757200082212, "mean_absolute_error": 0.013701173206642945, "r2_score": 0.9926670492973622, "predictions_within_5_percent": 6.158743246185945}